Date,Time,Comment,Model_Name,Best_Epoch,Val_MAE,Val_Cos,Val_Shape,w_mae,w_cos,w_shape,w_signal,w_base,w_consist,w_smooth,w_curve,w_mid,w_deep,w_ortho,Learning_Rate,Batch_Size
2026-03-14,08:19:50,,Latent_113_S20.0_B20.0_C0.0_wm2.0_wd0.5_ortho0.5.pth,772,0.032226,0.019871,0.009839,2.0,1.0,0.1,20.0,20.0,0.0,0.2,0.2,2.0,0.5,0.5,0.0001,64
2026-03-14,19:57:11,Ablation: Increased Shape weight to 10.0 to check for over-smoothing,Latent_113_S20.0_B20.0_C0.0_wm2.0_wd0.5_ortho0.5.pth,981,0.031582,0.018596,0.008148,1.0,1.0,0.4,20.0,20.0,0.0,0.2,0.2,2.0,0.5,0.5,0.0001,64
2026-03-14,22:37:54,Ablation: Increased Shape weight to 10.0 to check for over-smoothing,Latent_113_S20.0_B20.0_C0.0_wm2.0_wd0.5_ortho0.5.pth,625,0.03446,0.021816,0.009197,1.0,1.0,0.2,20.0,20.0,0.0,0.2,0.2,2.0,0.5,0.5,0.0001,64
2026-03-14,22:48:18,Ablation: Increased Shape weight to 10.0 to check for over-smoothing,Latent_113_S20.0_B20.0_C0.0_wm2.0_wd0.5_ortho0.5.pth,6,0.06593,0.078527,0.018204,1.0,1.0,0.2,20.0,20.0,0.0,0.2,0.2,2.0,0.5,0.5,0.0001,64
2026-03-14,22:59:50,Ablation: Increased Shape weight to 10.0 to check for over-smoothing,Latent_113_S20.0_B20.0_C0.0_wm2.0_wd0.5_ortho0.5.pth,6,0.067646,0.075289,0.018865,1.0,1.0,0.2,20.0,20.0,0.0,0.2,0.2,2.0,0.5,0.5,0.0001,64
2026-03-15,01:14:50,Ablation: Increased Shape weight to 10.0 to check for over-smoothing,Latent_113_S20.0_B40.0_C0.0_wm2.0_wd0.5_ortho0.5.pth,553,0.035161,0.023526,0.009207,1.0,1.0,0.2,20.0,40.0,0.0,0.2,0.2,2.0,0.5,0.5,0.0001,64
2026-03-15,03:52:21,Ablation: Increased Shape weight to 10.0 to check for over-smoothing,Latent_113_S20.0_B20.0_C0.0_wm2.0_wd0.5_ortho0.5.pth,531,0.036865,0.025705,0.009258,1.0,1.0,0.2,20.0,20.0,0.0,0.2,0.2,2.0,0.5,0.5,0.0001,64
2026-03-15,06:52:04,Ablation: Increased Shape weight to 10.0 to check for over-smoothing,Latent_113_S20.0_B20.0_C0.0_wm2.0_wd0.5_ortho0.5.pth,6,0.069923,0.075655,0.018639,1.0,1.0,0.2,20.0,20.0,0.0,0.2,0.2,2.0,0.5,0.5,0.0001,64
2026-03-15,06:54:18,Ablation: Increased Shape weight to 10.0 to check for over-smoothing,Latent_113_S20.0_B20.0_C0.0_wm2.0_wd0.5_ortho0.5.pth,5,0.068683,0.080454,0.020497,1.0,1.0,0.2,20.0,20.0,0.0,0.2,0.2,2.0,0.5,0.5,0.0001,64
2026-03-15,06:56:26,Ablation: Increased Shape weight to 10.0 to check for over-smoothing,Latent_113_S20.0_B20.0_C0.0_wm2.0_wd0.5_ortho0.5.pth,5,0.069234,0.080594,0.019819,1.0,1.0,0.2,20.0,20.0,0.0,0.2,0.2,2.0,0.5,0.5,0.0001,64
2026-03-15,06:59:40,Ablation: Increased Shape weight to 10.0 to check for over-smoothing,Latent_113_S20.0_B20.0_C0.0_wm2.0_wd0.5_ortho0.5.pth,8,0.062672,0.067437,0.016794,1.0,1.0,0.2,20.0,20.0,0.0,0.2,0.2,2.0,0.5,0.5,0.0001,64
2026-03-15,07:02:57,Ablation: Increased Shape weight to 10.0 to check for over-smoothing,Latent_113_S20.0_B20.0_C0.0_wm2.0_wd0.5_ortho0.5.pth,8,0.063738,0.070251,0.017604,1.0,1.0,0.2,20.0,20.0,0.0,0.2,0.2,2.0,0.5,0.5,0.0001,64
2026-03-15,07:08:24,Ablation: Increased Shape weight to 10.0 to check for over-smoothing,Latent_113_S20.0_B20.0_C0.0_wm2.0_wd0.5_ortho0.5.pth,17,0.05971,0.065183,0.013922,1.0,1.0,0.2,20.0,20.0,0.0,0.2,0.2,2.0,0.5,0.5,0.0001,64
2026-03-15,10:15:18,Ablation: Increased Shape weight to 10.0 to check for over-smoothing,Latent_113_S20.0_B20.0_C0.0_wm2.0_wd0.5_ortho0.5.pth,781,0.034547,0.022193,0.009135,1.0,1.0,0.2,20.0,20.0,0.0,0.2,0.2,2.0,0.5,0.5,0.0001,64
2026-03-15,15:00:59,Ablation: Increased Shape weight to 10.0 to check for over-smoothing,Latent_113_S20.0_B20.0_C0.0_wm2.0_wd0.5_ortho0.5.pth,754,0.033821,0.020948,0.009033,1.0,1.0,0.2,20.0,20.0,0.0,0.2,0.2,2.0,0.5,0.5,0.0001,64
2026-03-15,15:22:55,Ablation: Increased Shape weight to 10.0 to check for over-smoothing,Latent_113_S20.0_B20.0_C0.0_wm2.0_wd0.5_ortho0.5.pth,20,0.057625,0.063759,0.013603,1.0,1.0,0.2,20.0,20.0,0.0,0.2,0.2,2.0,0.5,0.5,0.0001,64
2026-03-15,15:34:47,Ablation: Increased Shape weight to 10.0 to check for over-smoothing,Latent_113_S20.0_B20.0_C0.0_wm2.0_wd0.5_ortho0.5.pth,42,0.050284,0.049826,0.011702,1.0,1.0,0.2,20.0,20.0,0.0,0.2,0.2,2.0,0.5,0.5,0.0001,64
2026-03-15,16:10:34,Ablation: Increased Shape weight to 10.0 to check for over-smoothing,Latent_113_S20.0_B20.0_C0.0_wm2.0_wd0.5_ortho0.5.pth,41,0.049795,0.046782,0.011766,1.0,1.0,0.2,20.0,20.0,0.0,0.2,0.2,2.0,0.5,0.5,0.0001,64
2026-03-15,16:42:51,Ablation: Increased Shape weight to 10.0 to check for over-smoothing,Latent_113_S20.0_B20.0_C0.0_wm2.0_wd0.5_ortho0.5.pth,47,0.049589,0.047215,0.0117,1.0,1.0,0.2,20.0,20.0,0.0,0.2,0.2,2.0,0.5,0.5,0.0001,64
2026-03-15,18:09:43,Ablation: Increased Shape weight to 10.0 to check for over-smoothing,Latent_113_S20.0_B20.0_C0.0_wm2.0_wd0.5_ortho0.5.pth,148,0.042852,0.035466,0.010403,1.0,1.0,0.2,20.0,20.0,0.0,0.2,0.2,2.0,0.5,0.5,0.0001,64
2026-03-15,18:50:38,Ablation: Increased Shape weight to 10.0 to check for over-smoothing,Latent_113_S20.0_B20.0_C0.0_wm2.0_wd0.5_ortho0.5.pth,45,0.049023,0.049035,0.011385,1.0,1.0,0.2,20.0,20.0,0.0,0.2,0.2,2.0,0.5,0.5,0.0001,64
2026-03-15,21:27:28,Ablation: Increased Shape weight to 10.0 to check for over-smoothing,Latent_113_S20.0_B20.0_C0.0_wm2.0_wd0.5_ortho0.5.pth,642,0.035238,0.023471,0.009264,1.0,1.0,0.2,20.0,20.0,0.0,0.2,0.2,2.0,0.5,0.5,0.0001,64
2026-03-16,02:09:36,Ablation: Increased Shape weight to 10.0 to check for over-smoothing,Latent_113_S20.0_B20.0_C0.0_wm2.0_wd0.5_ortho0.5.pth,690,0.034306,0.021418,0.009109,1.0,1.0,0.2,20.0,20.0,0.0,0.2,0.2,2.0,0.5,0.5,0.0001,64
2026-03-16,08:06:43,Ablation: Increased Shape weight to 10.0 to check for over-smoothing,Latent_113_S20.0_B20.0_C0.0_wm4.0_wd0.5_ortho0.5.pth,794,0.034414,0.021496,0.00908,1.0,1.0,0.2,20.0,20.0,0.0,0.2,0.2,4.0,0.5,0.5,0.0001,64
2026-03-16,10:30:51,Ablation: Increased Shape weight to 10.0 to check for over-smoothing,Latent_113_S20.0_B20.0_C0.0_wm2.0_wd0.5_ortho0.5.pth,523,0.034531,0.023413,0.008401,1.0,1.0,0.6,20.0,20.0,0.0,0.2,0.2,2.0,0.5,0.5,0.0001,64
2026-03-16,16:06:00,Ablation: Increased Shape weight to 10.0 to check for over-smoothing,Latent_113_S20.0_B20.0_C0.0_wm3.0_wd0.5_ortho0.5.pth,1074,0.030832,0.017724,0.00792,1.0,1.0,0.4,20.0,20.0,0.0,0.2,0.2,3.0,0.5,0.5,0.0001,64
2026-03-16,20:25:31,Ablation: Increased Shape weight to 10.0 to check for over-smoothing,Latent_113_S20.0_B20.0_C0.0_wm4.0_wd0.5_ortho0.5.pth,572,0.035954,0.024635,0.008737,1.0,1.0,0.4,20.0,20.0,0.0,0.2,0.2,4.0,0.5,0.5,0.0001,64
2026-03-17,02:05:05,Ablation: Increased Shape weight to 10.0 to check for over-smoothing,Latent_113_S20.0_B20.0_C0.0_wm20.0_wd0.5_ortho0.5.pth,538,0.035188,0.024131,0.008688,1.0,1.0,0.4,20.0,20.0,0.0,0.2,0.2,20.0,0.5,0.5,0.0001,64
2026-03-17,02:44:20,Ablation: Increased Shape weight to 10.0 to check for over-smoothing,Latent_113_S20.0_B20.0_C0.0_wm20.0_wd0.5_ortho0.5.pth,6,0.068331,0.072487,0.018984,1.0,1.0,0.4,20.0,20.0,0.0,0.2,0.2,20.0,0.5,0.5,0.0001,64
2026-03-17,04:52:37,Ablation: Increased Shape weight to 10.0 to check for over-smoothing,Latent_113_S20.0_B20.0_C0.4_wm3.0_wd0.5_ortho0.5.pth,614,0.035423,0.023687,0.008891,1.0,1.0,0.4,20.0,20.0,0.4,0.2,0.2,3.0,0.5,0.5,0.0001,64
2026-03-17,14:55:43,Ablation: Increased Shape weight to 10.0 to check for over-smoothing,Latent_113_S20.0_B20.0_C0.0_wm3.0_wd0.4_ortho0.4.pth,789,0.032578,0.021669,0.008793,1.0,1.0,0.2,20.0,20.0,0.0,0.2,0.2,3.0,0.4,0.4,0.0001,64
2026-03-17,17:36:44,Ablation: Increased Shape weight to 10.0 to check for over-smoothing,Latent_113_S20.0_B20.0_C0.0_wm3.0_wd0.4_ortho0.4.pth,623,0.036154,0.023782,0.008832,1.0,1.0,0.4,20.0,20.0,0.0,0.2,0.2,3.0,0.4,0.4,0.0001,64
2026-03-17,21:19:07,Ablation: Increased Shape weight to 10.0 to check for over-smoothing,Latent_113_S20.0_B20.0_C0.0_wm3.0_wd0.4_ortho0.4.pth,778,0.03226,0.01911,0.009566,1.5,1.0,0.1,20.0,20.0,0.0,0.2,0.2,3.0,0.4,0.4,0.0001,64
2026-03-18,01:55:27,Ablation: Increased Shape weight to 10.0 to check for over-smoothing,LaOptma_113_S20.0_B20.0_wm3.5_wd0.4_ortho0.4_wmae1.5_wcos1.0_wshape0.1.pth,690,0.035035,0.024045,0.010125,1.5,1.0,0.1,20.0,20.0,0.0,0.2,0.2,3.5,0.4,0.4,0.0001,64
2026-03-18,05:27:09,Ablation: Increased Shape weight to 10.0 to check for over-smoothing,LaOptma_113_S20.0_B20.0_wm2.5_wd0.4_ortho0.4_wmae1.5_wcos1.0_wshape0.1.pth,537,0.036375,0.024916,0.010518,1.5,1.0,0.1,20.0,20.0,0.0,0.2,0.2,2.5,0.4,0.4,0.0001,64
2026-03-18,08:40:37,Ablation: Increased Shape weight to 10.0 to check for over-smoothing,LaOptma_113_S20.0_B20.0_wm3.0_wd0.1_ortho0.4_wmae1.0_wcos1.0_wshape0.1.pth,839,0.030305,0.01697,0.009151,1.0,1.0,0.1,20.0,20.0,0.0,0.2,0.2,3.0,0.1,0.4,0.0001,64
2026-03-18,14:22:05,Ablation: Increased Shape weight to 10.0 to check for over-smoothing,LaOptma_113_S20.0_B20.0_wm3.0_wd0.1_ortho0.4_wmae1.5_wcos1.0_wshape0.1.pth,599,0.03451,0.02431,0.009957,1.5,1.0,0.1,20.0,20.0,0.0,0.2,0.2,3.0,0.1,0.4,0.0001,64
2026-03-18,19:17:30,Ablation: Increased Shape weight to 10.0 to check for over-smoothing,LaOptma_113_S20.0_B20.0_wm3.0_wd0.1_ortho0.4_wmae1.5_wcos1.5_wshape0.1.pth,593,0.035529,0.023997,0.010353,1.5,1.5,0.1,20.0,20.0,0.0,0.2,0.2,3.0,0.1,0.4,0.0001,64
2026-03-18,22:23:30,Ablation: Increased Shape weight to 10.0 to check for over-smoothing,LaOptma_113_S20.0_B20.0_wm3.0_wd0.1_ortho0.4_wmae0.8_wcos0.8_wshape0.1.pth,587,0.036413,0.025195,0.010068,0.8,0.8,0.1,20.0,20.0,0.0,0.2,0.2,3.0,0.1,0.4,0.0001,64
2026-03-19,02:25:19,Ablation: Increased Shape weight to 10.0 to check for over-smoothing,LaOptma_113_S20.0_B20.0_wm3.0_wd0.1_ortho0.2_wmae1.0_wcos1.0_wshape0.1.pth,850,0.032426,0.020459,0.009383,1.0,1.0,0.1,20.0,20.0,0.0,0.2,0.2,3.0,0.1,0.2,0.0001,64
2026-03-19,06:42:01,Ablation: Increased Shape weight to 10.0 to check for over-smoothing,LaOptma_113_S20.0_B20.0_wm3.0_wd0.1_ortho0.4_wmae1.0_wcos1.0_wshape0.02.pth,752,0.03277,0.019757,0.011195,1.0,1.0,0.02,20.0,20.0,0.0,0.2,0.2,3.0,0.1,0.4,0.0001,64
2026-03-19,09:12:09,Ablation: Increased Shape weight to 10.0 to check for over-smoothing,LaOptma_113_S20.0_B20.0_wm3.0_wd0.1_ortho0.5_wmae1.0_wcos1.0_wshape0.1.pth,653,0.034509,0.022685,0.009899,1.0,1.0,0.1,20.0,20.0,0.0,0.2,0.2,3.0,0.1,0.5,0.0001,64
2026-03-20,16:11:34,no baseline aux loss,LaOptma_noortho_113_S20.0_B20.0_wm3.0_wd0.1_ortho0.4_wmae1.0_wcos1.0_wshape0.1.pth,590,0.033502,0.084881,0.009221,1.0,1.0,0.1,20.0,20.0,0.0,0.2,0.2,3.0,0.1,0.4,0.0001,64
2026-03-20,18:36:11,no baseline aux loss,Pmod_113_S20.0_B20.0_wm3.0_wd0.1_ortho0.4_wmae1.0_wcos1.0_wshape0.1.pth,580,0.037993,0.024185,0.010152,1.0,1.0,0.1,20.0,20.0,0.0,0.2,0.2,3.0,0.1,0.4,0.0001,64
2026-03-20,22:29:01,no baseline aux loss,Pmod_111_S20.0_B20.0_wm5.0_wd0.4_ortho0.1_wmae1.0_wcos1.0_wshape0.1.pth,632,0.03609,0.023879,0.009791,1.0,1.0,0.1,20.0,20.0,0.0,0.2,0.2,5.0,0.4,0.1,0.0001,64
2026-03-21,02:04:24,no baseline aux loss,Pmod_113_S20.0_B20.0_wm2.0_wd1.0_ortho0.5_wmae1.0_wcos1.0_wshape0.1.pth,796,0.033556,0.021159,0.009145,1.0,1.0,0.1,20.0,20.0,0.0,0.2,0.2,2.0,1.0,0.5,0.0001,64
2026-03-21,12:15:27,no baseline aux loss,Pmod_113_S20.0_B20.0_wm2.0_wd1.0_ortho0.5_wmae1.0_wcos1.0_wshape0.1.pth,967,0.026128,0.012322,0.00696,1.0,1.0,0.1,20.0,20.0,0.0,0.2,0.2,2.0,1.0,0.5,0.0001,64
2026-03-21,17:22:44,RK4 in encoder only,Pmod_113_S20.0_B20.0_wm2.0_wd1.0_ortho0.5_wmae1.0_wcos1.0_wshape0.1.pth,1022,0.024918,0.011671,0.006981,1.0,1.0,0.1,20.0,20.0,0.0,0.2,0.2,2.0,1.0,0.5,0.0001,64
2026-03-22,11:20:24,"RK4 in encoder only, no smoothing in the baseline branch, previously we had one smoothing",Pmod_nosmoothBase_113_S20.0_B20.0_wm2.0_wd1.0_ortho0.5_wmae1.0_wcos1.0_wshape0.1.pth,741,0.025751,0.013372,0.007014,1.0,1.0,0.1,20.0,20.0,0.0,0.2,0.2,2.0,1.0,0.5,0.0001,64
2026-08-12,10:30:30,ABLATION arch=rk4 (RK4SmoothedBlock) seed=0 params=5168630 epoch_s=17.15 lat_b1_ms=5.4317 [metrics=restored-checkpoint],Ablation_rk4_113_S20.0_B20.0_wm2.0_wd1.0_ortho0.5_wmae1.0_wcos1.0_wshape0.1_seed0.pth,726,0.025644,0.012729,0.006968,1.0,1.0,0.1,20.0,20.0,0.0,0.2,0.2,2.0,1.0,0.5,0.0001,64
2026-08-12,21:17:04,ABLATION arch=plain (SmoothedResBlock) seed=0 params=4639416 epoch_s=12.994 lat_b1_ms=5.0963 [metrics=restored-checkpoint],Ablation_plain_113_S20.0_B20.0_wm2.0_wd1.0_ortho0.5_wmae1.0_wcos1.0_wshape0.1_seed0.pth,616,0.036352,0.023995,0.009577,1.0,1.0,0.1,20.0,20.0,0.0,0.2,0.2,2.0,1.0,0.5,0.0001,64
2026-08-13,01:22:02,ABLATION arch=rk4 gate=concat seed=0 params=5169526 epoch_s=17.007 lat_b1_ms=5.0289,Ablation_rk4_concat_113_S20.0_B20.0_wm2.0_wd1.0_ortho0.5_wmae1.0_wcos1.0_wshape0.1_seed0.pth,756,0.025892,0.013172,0.007011,1.0,1.0,0.1,20.0,20.0,0.0,0.2,0.2,2.0,1.0,0.5,0.0001,64
2026-08-13,05:26:11,ABLATION arch=rk4 gate=encoder-only seed=0 params=5168630 epoch_s=16.667 lat_b1_ms=4.99,Ablation_rk4_encoder-only_113_S20.0_B20.0_wm2.0_wd1.0_ortho0.5_wmae1.0_wcos1.0_wshape0.1_seed0.pth,726,0.027167,0.014204,0.007261,1.0,1.0,0.1,20.0,20.0,0.0,0.2,0.2,2.0,1.0,0.5,0.0001,64
2026-08-13,07:02:32,COMPARISON kazemzadeh cascaded-UNet seed=0 params=5888130 epoch_s=7.148 lat_plate96_ms=21.1936 [metrics=restored-checkpoint],Compare_kazemzadeh_cascadedUNet_seed0.pth,539,0.043056,0.033442,0.008867,1.0,1.0,0.0,1.0,1.0,0.0,0.0,0.0,0.0,0.0,0.0,0.0002,64
2026-08-13,11:10:48,ABLATION arch=rk4 variant=_nosigmoid seed=0 params=5167302 epoch_s=14.955 lat_b1_ms=4.8119,Ablation_rk4_nosigmoid_113_S20.0_B20.0_wm2.0_wd1.0_ortho0.5_wmae1.0_wcos1.0_wshape0.1_seed0.pth,792,0.02656,0.013581,0.007162,1.0,1.0,0.1,20.0,20.0,0.0,0.2,0.2,2.0,1.0,0.5,0.0001,64
2026-08-13,15:11:23,ABLATION arch=rk4 variant=_nosquelch seed=0 params=5168438 epoch_s=17.085 lat_b1_ms=5.9603,Ablation_rk4_nosquelch_113_S20.0_B20.0_wm2.0_wd1.0_ortho0.5_wmae1.0_wcos1.0_wshape0.1_seed0.pth,835,0.02753,0.014653,0.007505,1.0,1.0,0.1,20.0,20.0,0.0,0.2,0.2,2.0,1.0,0.5,0.0001,64
2026-08-13,18:56:13,ABLATION arch=rk4 variant=_noortho seed=0 params=5168630 epoch_s=17.099 lat_b1_ms=5.9993,Ablation_rk4_noortho_113_S20.0_B20.0_wm2.0_wd1.0_ortho0.5_wmae1.0_wcos1.0_wshape0.1_seed0.pth,726,0.026554,0.013506,0.007168,1.0,1.0,0.1,20.0,20.0,0.0,0.2,0.2,2.0,1.0,0.5,0.0001,64
2026-08-13,22:07:34,ABLATION arch=rk4 variant=_noaux seed=0 params=5168630 epoch_s=17.005 lat_b1_ms=5.6123,Ablation_rk4_noaux_113_S20.0_B20.0_wm2.0_wd1.0_ortho0.5_wmae1.0_wcos1.0_wshape0.1_seed0.pth,568,0.029276,0.015923,0.007853,1.0,1.0,0.1,20.0,20.0,0.0,0.2,0.2,2.0,1.0,0.5,0.0001,64
2026-08-14,01:46:16,ABLATION arch=rk4 variant=_bld8 seed=0 params=5184254 epoch_s=16.979 lat_b1_ms=5.0369,Ablation_rk4_bld8_113_S20.0_B20.0_wm2.0_wd1.0_ortho0.5_wmae1.0_wcos1.0_wshape0.1_seed0.pth,616,0.027326,0.014334,0.007278,1.0,1.0,0.1,20.0,20.0,0.0,0.2,0.2,2.0,1.0,0.5,0.0001,64
2026-08-14,05:41:24,ABLATION arch=rk4 variant=_bld32 seed=0 params=5138918 epoch_s=16.696 lat_b1_ms=5.553,Ablation_rk4_bld32_113_S20.0_B20.0_wm2.0_wd1.0_ortho0.5_wmae1.0_wcos1.0_wshape0.1_seed0.pth,830,0.024977,0.012195,0.006906,1.0,1.0,0.1,20.0,20.0,0.0,0.2,0.2,2.0,1.0,0.5,0.0001,64
2026-08-15,15:38:28,ABLATION arch=rk4 variant=_bld64 seed=0 params=5085638 epoch_s=17.299 lat_b1_ms=6.2335,Ablation_rk4_bld64_113_S20.0_B20.0_wm2.0_wd1.0_ortho0.5_wmae1.0_wcos1.0_wshape0.1_seed0.pth,727,0.028438,0.01551,0.007408,1.0,1.0,0.1,20.0,20.0,0.0,0.2,0.2,2.0,1.0,0.5,0.0001,64
2026-08-16,01:12:09,ABLATION arch=rk4 variant=_w32 seed=0 params=1288438 epoch_s=8.271 lat_b1_ms=5.5827,Ablation_rk4_w32_113_S20.0_B20.0_wm2.0_wd1.0_ortho0.5_wmae1.0_wcos1.0_wshape0.1_seed0.pth,493,0.033135,0.021489,0.008518,1.0,1.0,0.1,20.0,20.0,0.0,0.2,0.2,2.0,1.0,0.5,0.0001,64
2026-08-16,08:45:00,ABLATION arch=rk4 variant=_w96 seed=0 params=11641590 epoch_s=29.22 lat_b1_ms=6.2283,Ablation_rk4_w96_113_S20.0_B20.0_wm2.0_wd1.0_ortho0.5_wmae1.0_wcos1.0_wshape0.1_seed0.pth,924,0.024327,0.011372,0.006704,1.0,1.0,0.1,20.0,20.0,0.0,0.2,0.2,2.0,1.0,0.5,0.0001,64
2026-08-16,15:07:44,ABLATION arch=rk4 variant=control seed=1 params=5168630 epoch_s=17.859 lat_b1_ms=7.5068,Ablation_rk4_113_S20.0_B20.0_wm2.0_wd1.0_ortho0.5_wmae1.0_wcos1.0_wshape0.1_seed1.pth,768,0.027688,0.014856,0.007541,1.0,1.0,0.1,20.0,20.0,0.0,0.2,0.2,2.0,1.0,0.5,0.0001,64
2026-08-17,02:07:41,ABLATION arch=rk4 variant=control seed=2 params=5168630 epoch_s=54.454 lat_b1_ms=6.1715,Ablation_rk4_113_S20.0_B20.0_wm2.0_wd1.0_ortho0.5_wmae1.0_wcos1.0_wshape0.1_seed2.pth,676,0.027827,0.015273,0.007566,1.0,1.0,0.1,20.0,20.0,0.0,0.2,0.2,2.0,1.0,0.5,0.0001,64
